2026-04-06_11-19-49,0,draft.go:2026-04-06_11-19-49
2026-04-06_11-20-15,12,draft.go:2026-04-06_11-20-15
2026-04-06_11-20-56,12,draft.go:2026-04-06_11-20-56
2026-04-06_11-21-21,12,draft.go:2026-04-06_11-21-21
2026-04-06_18-43-32,12,draft.go:2026-04-06_18-43-32
2026-04-06_19-06-30,12,draft.go:2026-04-06_19-06-30
2026-04-06_19-30-12,12,draft.go:2026-04-06_19-30-12
2026-04-06_19-30-50,12,draft.go:2026-04-06_19-30-50
2026-04-06_19-31-28,12,draft.go:2026-04-06_19-31-28
2026-04-06_19-31-50,12,draft.go:2026-04-06_19-31-28
2026-04-06_19-31-59,12,draft.go:2026-04-06_19-31-59
2026-04-06_19-32-39,12,draft.go:2026-04-06_19-32-39
2026-04-06_19-33-30,12,draft.go:2026-04-06_19-33-30
2026-04-06_19-34-30,12,draft.go:2026-04-06_19-34-30
2026-04-06_19-34-46,12,draft.go:2026-04-06_19-34-46
2026-04-06_19-37-44,0,draft.go:2026-04-06_19-37-44
2026-04-06_19-37-53,0,draft.go:2026-04-06_19-37-53
2026-04-06_19-38-08,100,draft.go:2026-04-06_19-38-08
2026-04-06_19-41-07,12,draft.go:2026-04-06_19-41-07
2026-04-06_19-42-03,12,draft.go:2026-04-06_19-42-03
2026-04-06_19-42-52,12,draft.go:2026-04-06_19-42-52
2026-04-06_19-43-01,100,draft.go:2026-04-06_19-43-01
