2026-04-07_09-04-48,70,main.go:2026-04-07_09-04-48
2026-04-07_09-13-16,80,main.go:2026-04-07_09-13-16
2026-04-07_09-21-23,10,main.go:2026-04-07_09-21-23
2026-04-07_09-21-40,20,main.go:2026-04-07_09-21-40
2026-04-07_09-24-14,10,main.go:2026-04-07_09-24-14
2026-04-07_09-24-24,20,main.go:2026-04-07_09-24-24
2026-04-07_09-24-40,10,main.go:2026-04-07_09-24-40
2026-04-07_09-28-24,20,main.go:2026-04-07_09-28-24
2026-04-26_19-37-20,20,main.go:2026-04-07_09-28-24
2026-04-26_19-37-21,20,main.go:2026-04-07_09-28-24
2026-04-26_22-40-31,20,main.go:2026-04-26_22-40-31
2026-04-26_22-40-32,20,main.go:2026-04-26_22-40-31
2026-04-26_22-41-28,20,main.go:2026-04-26_22-40-31
2026-04-26_22-41-28,20,main.go:2026-04-26_22-40-31
2026-04-26_22-42-57,20,main.go:2026-04-26_22-40-31
2026-04-26_22-42-58,20,main.go:2026-04-26_22-40-31
2026-04-26_22-44-55,100,main.go:2026-04-26_22-44-55
2026-04-26_22-45-45,30,main.go:2026-04-26_22-45-45
2026-04-26_22-45-46,100,main.go:2026-04-26_22-45-46
2026-04-26_22-45-47,100,main.go:2026-04-26_22-45-46
