2026-03-31_19-14-19,0,main.go:2026-03-31_19-14-19
2026-04-21_14-48-54,---,main.go:2026-03-31_19-14-19
2026-04-21_14-50-53,0,main.go:2026-03-31_19-14-19
2026-04-21_14-50-53,0,main.go:2026-03-31_19-14-19
2026-04-25_19-31-03,16,main.go:2026-04-25_19-31-03
2026-04-25_20-24-13,33,main.go:2026-04-25_20-24-13
2026-04-26_22-25-36,0,main.go:2026-04-26_22-25-36
2026-04-26_22-25-38,0,main.go:2026-04-26_22-25-36
2026-04-26_22-26-17,0,main.go:2026-04-26_22-26-17
2026-06-03_14-13-17,0,main.go:2026-04-26_22-26-17
2026-06-04_16-07-52,0,main.go:2026-06-04_16-07-52
2026-06-04_16-08-11,0,main.go:2026-06-04_16-08-11
2026-06-04_16-27-27,0,main.go:2026-06-04_16-27-27
2026-06-04_16-40-43,0,main.go:2026-06-04_16-40-43
2026-06-04_16-43-56,0,main.go:2026-06-04_16-43-56
2026-06-04_16-43-57,0,main.go:2026-06-04_16-43-56
2026-06-04_16-43-57,0,main.go:2026-06-04_16-43-56
2026-06-04_16-43-59,0,main.go:2026-06-04_16-43-56
2026-06-04_16-43-59,0,main.go:2026-06-04_16-43-56
2026-06-04_16-44-42,16,main.go:2026-06-04_16-44-42
2026-06-04_16-48-42,16,main.go:2026-06-04_16-48-42
2026-06-04_16-48-48,16,main.go:2026-06-04_16-48-48
2026-06-04_16-49-58,33,main.go:2026-06-04_16-49-58
2026-06-04_16-55-17,33,main.go:2026-06-04_16-55-17
2026-06-04_16-56-08,33,main.go:2026-06-04_16-55-17
2026-06-11_23-35-45,33,main.go:2026-06-04_16-55-17
2026-06-29_11-57-02,33,main.go:2026-06-04_16-55-17
2026-06-29_12-06-13,33,main.go:2026-06-29_12-06-13
2026-06-29_12-07-51,33,main.go:2026-06-29_12-07-51
2026-06-29_12-07-58,33,main.go:2026-06-29_12-07-51
2026-06-29_12-08-50,33,main.go:2026-06-29_12-08-50
2026-06-29_12-09-25,33,main.go:2026-06-29_12-09-25
2026-06-29_12-10-28,66,main.go:2026-06-29_12-10-28
2026-06-29_12-13-04,83,main.go:2026-06-29_12-13-04
2026-06-29_14-12-00,83,main.go:2026-06-29_14-12-00
2026-06-29_14-13-27,83,main.go:2026-06-29_14-13-27
2026-06-29_14-14-27,83,main.go:2026-06-29_14-14-27
2026-06-29_14-17-02,83,main.go:2026-06-29_14-17-02
2026-06-29_14-17-19,83,main.go:2026-06-29_14-17-19
2026-06-29_14-19-27,83,main.go:2026-06-29_14-19-27
2026-06-29_14-19-48,83,main.go:2026-06-29_14-19-48
2026-06-29_14-35-35,83,main.go:2026-06-29_14-35-35
2026-06-29_14-35-46,83,main.go:2026-06-29_14-35-46
2026-06-29_14-35-47,83,main.go:2026-06-29_14-35-46
2026-06-29_14-36-07,83,main.go:2026-06-29_14-36-07
2026-06-29_14-37-44,83,main.go:2026-06-29_14-37-44
2026-06-29_14-41-16,83,main.go:2026-06-29_14-37-44
2026-06-29_14-41-23,83,main.go:2026-06-29_14-37-44
2026-06-29_14-41-23,83,main.go:2026-06-29_14-37-44
2026-06-29_15-13-06,100,main.go:2026-06-29_15-13-06
