2026-03-23_11-16-48,0,draft.go:2026-03-23_11-16-48
2026-03-23_11-16-59,0,draft.go:2026-03-23_11-16-59
2026-03-23_11-22-47,0,draft.go:2026-03-23_11-22-47
2026-03-23_11-25-20,0,draft.go:2026-03-23_11-25-20
2026-03-23_11-25-36,0,draft.go:2026-03-23_11-25-20
2026-03-23_11-25-56,0,draft.go:2026-03-23_11-25-56
2026-03-23_11-28-23,0,draft.go:2026-03-23_11-28-23
2026-03-23_11-28-45,0,draft.go:2026-03-23_11-28-45
2026-03-23_11-29-00,0,draft.go:2026-03-23_11-29-00
2026-03-23_11-29-47,0,draft.go:2026-03-23_11-29-47
2026-03-23_11-31-59,0,draft.go:2026-03-23_11-31-59
2026-03-23_11-32-11,0,draft.go:2026-03-23_11-32-11
2026-03-23_11-33-58,0,draft.go:2026-03-23_11-33-58
2026-03-23_11-34-15,0,draft.go:2026-03-23_11-34-15
2026-03-23_11-35-17,0,draft.go:2026-03-23_11-35-17
2026-03-23_11-35-41,0,draft.go:2026-03-23_11-35-41
