2026-04-01_19-55-24,0,draft.go:2026-04-01_19-55-24
2026-04-01_19-56-08,0,draft.go:2026-04-01_19-55-24
2026-04-01_19-57-18,0,draft.go:2026-04-01_19-57-18
2026-04-01_19-58-22,0,draft.go:2026-04-01_19-58-22
2026-04-01_19-58-51,0,draft.go:2026-04-01_19-58-51
2026-04-01_20-00-39,0,draft.go:2026-04-01_20-00-39
2026-04-01_20-01-32,0,draft.go:2026-04-01_20-01-32
2026-04-01_20-04-39,0,draft.go:2026-04-01_20-04-39
2026-04-01_20-06-06,0,draft.go:2026-04-01_20-06-06
2026-04-01_20-06-45,0,draft.go:2026-04-01_20-06-45
2026-04-01_20-06-51,80,draft.go:2026-04-01_20-06-51
2026-04-01_20-07-50,100,draft.go:2026-04-01_20-07-50
