2026-04-05_20-08-04,0,main.go:2026-04-05_20-08-04
2026-04-05_20-13-12,0,main.go:2026-04-05_20-13-12
2026-04-05_20-13-26,0,main.go:2026-04-05_20-13-26
2026-04-05_20-19-21,0,main.go:2026-04-05_20-19-21
2026-04-05_20-19-27,0,main.go:2026-04-05_20-19-21
2026-04-05_20-19-27,---,main.go:2026-04-05_20-19-21
2026-04-05_20-19-41,0,main.go:2026-04-05_20-19-41
2026-04-05_20-23-39,0,main.go:2026-04-05_20-23-39
2026-04-05_20-25-34,0,main.go:2026-04-05_20-25-34
2026-04-05_20-25-55,88,main.go:2026-04-05_20-25-55
2026-04-05_20-26-24,33,main.go:2026-04-05_20-26-24
2026-04-05_20-27-29,0,main.go:2026-04-05_20-27-29
2026-04-05_20-27-47,0,main.go:2026-04-05_20-27-47
2026-04-05_20-27-54,88,main.go:2026-04-05_20-27-54
2026-04-05_20-28-03,88,main.go:2026-04-05_20-27-54
2026-04-05_20-28-05,---,main.go:2026-04-05_20-27-54
2026-04-05_20-28-36,55,main.go:2026-04-05_20-28-36
2026-04-05_20-29-06,100,main.go:2026-04-05_20-29-06
2026-04-05_20-34-32,44,main.go:2026-04-05_20-34-32
2026-04-05_20-34-54,11,main.go:2026-04-05_20-34-54
2026-04-05_20-35-13,11,main.go:2026-04-05_20-35-13
2026-04-05_20-35-49,44,main.go:2026-04-05_20-35-49
2026-04-05_20-36-44,44,main.go:2026-04-05_20-36-44
2026-04-05_20-36-57,11,main.go:2026-04-05_20-36-57
2026-04-05_20-37-45,44,main.go:2026-04-05_20-37-45
2026-04-05_20-41-08,11,main.go:2026-04-05_20-41-08
2026-04-05_20-41-22,11,main.go:2026-04-05_20-41-22
2026-04-05_20-42-14,44,main.go:2026-04-05_20-42-14
2026-04-05_20-43-27,44,main.go:2026-04-05_20-43-27
2026-04-05_20-44-13,0,main.go:2026-04-05_20-44-13
2026-04-05_20-46-01,44,main.go:2026-04-05_20-46-01
2026-04-05_20-46-16,0,main.go:2026-04-05_20-46-16
2026-04-05_20-48-37,0,main.go:2026-04-05_20-48-37
2026-04-05_20-49-56,100,main.go:2026-04-05_20-49-56
2026-04-06_19-48-02,100,main.go:2026-04-05_20-49-56
