2026-06-11_23-03-59,0,main.go:2026-06-11_23-03-59;queue.go:2026-06-11_23-03-59
2026-06-11_23-04-00,0,main.go:2026-06-11_23-03-59;queue.go:2026-06-11_23-03-59
2026-06-11_23-04-13,0,main.go:2026-06-11_23-03-59;queue.go:2026-06-11_23-03-59
2026-06-11_23-04-13,0,main.go:2026-06-11_23-03-59;queue.go:2026-06-11_23-03-59
2026-06-11_23-05-15,0,main.go:2026-06-11_23-05-15;queue.go:2026-06-11_23-03-59
2026-06-11_23-05-16,0,main.go:2026-06-11_23-05-15;queue.go:2026-06-11_23-03-59
2026-06-11_23-16-40,0,main.go:2026-06-11_23-16-40;queue.go:2026-06-11_23-03-59
2026-06-11_23-19-35,0,main.go:2026-06-11_23-19-35;queue.go:2026-06-11_23-03-59
2026-06-11_23-20-36,0,main.go:2026-06-11_23-20-36;queue.go:2026-06-11_23-03-59
2026-06-11_23-23-17,0,main.go:2026-06-11_23-23-17;queue.go:2026-06-11_23-03-59
2026-06-11_23-24-30,100,main.go:2026-06-11_23-24-30;queue.go:2026-06-11_23-03-59
